tA,vA,fA,pA,qA,aA
0,542.296265,60.000015,154.990845,-9.933385,69.542328
0.0333333,542.298096,60.000053,154.991501,-9.931389,69.543076
0.0666667,542.300171,60.000092,154.972137,-9.920259,69.544426
0.1,542.302734,60.000156,154.927948,-9.942898,69.546822
0.1333334,542.305786,60.000195,154.919159,-9.932243,69.549393
0.1666667,542.308838,60.000256,154.885406,-9.955445,69.552979
0.2,542.311768,60.000294,154.876816,-9.941589,69.55674
0.2333333,542.31488,60.000355,154.86348,-9.969045,69.561539
0.2666666,542.311401,60.000397,154.873459,-9.959331,69.566505
0.2999999,542.305908,60.000458,154.893097,-9.95049,69.572517
0.3333332,542.300354,60.000496,154.902679,-9.93751,69.578674
0.3666665,542.310242,60.000557,154.922028,-9.969851,69.585892
0.3999998,542.326904,60.000587,154.958344,-9.961906,69.593109
0.4333331,542.332703,60.000603,154.976517,-9.994149,69.600327
0.4666664,542.338501,60.00061,155.009735,-9.985982,69.607552
0.4999997,542.344421,60.000614,155.042999,-9.977822,69.614769
0.533333,542.350342,60.000618,155.066147,-9.965909,69.621986
0.5666663,542.36145,60.000618,155.065659,-9.990742,69.629196
0.5999996,542.381165,60.000618,155.082657,-9.975339,69.636414
0.6333329,542.389282,60.000618,155.061142,-9.992643,69.643616
0.6666662,542.394409,60.00061,155.053726,-9.969913,69.650665
0.6999995,542.402466,60.000572,155.052216,-9.997538,69.656837
0.7333328,542.419678,60.000595,155.013107,-10.007557,69.664032
0.7666661,542.431152,60.000607,154.972351,-10.017484,69.671234
0.7999994,542.4245,60.00061,154.946625,-10.03455,69.678444
0.8333327,542.439575,60.000614,154.927109,-10.052022,69.685654
0.866666,542.432617,60.000614,154.926376,-10.032403,69.692856
0.8999993,542.424255,60.000618,154.925262,-10.01273,69.700073
0.9333326,542.417664,60.000618,154.944855,-10.000566,69.707298
0.9666659,542.399658,60.000618,154.961197,-9.988181,69.714516
0.9999992,542.377686,60.000618,154.991333,-9.935273,69.721733
1.0333329,542.361206,60.000618,155.008072,-9.922908,69.728958
1.0666667,542.352356,60.000618,155.031845,-9.86651,69.736183
1.1000005,542.335144,60.000618,155.023346,-9.890834,69.743401
1.1333343,542.318176,60.000618,155.044769,-9.83429,69.75061
1.1666681,542.321594,60.000584,155.052155,-9.864799,69.757065
1.2000018,542.325134,60.000557,155.054245,-9.848189,69.763222
1.2333356,542.328613,60.000587,155.006424,-9.902195,69.770432
1.2666694,542.332031,60.000603,154.99855,-9.879044,69.777626
1.3000032,542.335693,60.00061,154.965714,-9.892608,69.784836
1.3333369,542.328918,60.000614,154.944778,-9.865555,69.792038
1.3666707,542.314331,60.000614,154.926987,-9.886238,69.799248
1.4000045,542.31427,60.000618,154.938324,-9.870455,69.806465
1.4333383,542.323914,60.000618,154.937561,-9.895291,69.813683
1.4666721,542.321167,60.000618,154.958252,-9.883159,69.820892
1.5000058,542.314514,60.000618,154.977829,-9.870945,69.828117
1.5333396,542.311829,60.000618,154.988434,-9.855088,69.835335
1.5666734,542.321228,60.000584,155.017807,-9.893104,69.841789
1.6000072,542.31842,60.000549,155.053131,-9.843739,69.847809
1.633341,542.315369,60.0005,155.083511,-9.840551,69.853081
1.6666747,542.322998,60.000458,155.091904,-9.875545,69.857887
1.7000085,542.341675,60.000439,155.108185,-9.866582,69.862694
1.7333423,542.357605,60.000427,155.083923,-9.934804,69.867508
1.7666761,542.364258,60.000423,155.076508,-9.918217,69.872307
1.8000098,542.368713,60.00042,155.063782,-9.945767,69.877106
1.8333436,542.372925,60.00042,155.045609,-9.92545,69.881912
1.8666774,542.381836,60.000416,155.003784,-9.941991,69.886703
1.9000112,542.40155,60.000416,154.965088,-9.958745,69.891502
1.933345,542.410339,60.000416,154.933365,-9.979004,69.896294
1.9666787,542.413696,60.000416,154.914932,-9.958665,69.9011
2.0000124,542.417236,60.000416,154.912079,-9.989932,69.905907
2.0333452,542.421387,60.000423,154.899323,-10.017093,69.910858
2.066678,542.427734,60.000473,154.892044,-9.997269,69.91687
2.1000109,542.436035,60.000496,154.890823,-10.025367,69.922874
2.1333437,542.445374,60.000507,154.904633,-10.012982,69.928886
2.1666765,542.440247,60.000546,154.914474,-9.998302,69.935654
2.2000093,542.43512,60.000584,154.909607,-10.022881,69.942871
2.2333422,542.429749,60.000607,154.929611,-10.010271,69.950226
2.266675,542.419189,60.000664,154.938202,-9.991005,69.958649
2.3000078,542.427124,60.00069,154.972305,-9.97945,69.967072
2.3333406,542.431641,60.000706,154.980545,-10.004648,69.975494
2.3666735,542.434692,60.000713,154.988388,-10.02982,69.983902
2.4000063,542.43811,60.000713,155.000946,-10.010796,69.992325
2.4333391,542.441223,60.000751,155.01358,-9.989743,70.001488
2.4666719,542.434204,60.00082,154.98851,-9.998404,70.011856
2.5000048,542.427002,60.000877,154.963501,-10.005445,70.02282
2.5333376,542.420715,60.000946,154.918701,-10.002322,70.034828
2.5666704,542.414368,60.001019,154.88414,-10.000875,70.047585
2.6000032,542.407227,60.001076,154.874298,-9.960936,70.060951
2.6333361,542.399048,60.001148,154.849655,-9.958669,70.075371
2.6666689,542.391296,60.001217,154.825256,-9.954381,70.090538
2.7000017,542.393921,60.001278,154.834335,-9.959659,70.106316
2.7333345,542.396484,60.001347,154.843597,-9.962096,70.123146
2.7666674,542.398926,60.001419,154.838318,-10.003075,70.140717
2.8000002,542.401611,60.001476,154.858047,-10.005512,70.158897
2.833333,542.395691,60.001549,154.890106,-9.964361,70.178139
2.8666658,542.389893,60.001621,154.907745,-9.961706,70.198135
2.8999987,542.392395,60.001705,154.903214,-9.992918,70.219307
2.9333315,542.394836,60.00177,154.933701,-9.989237,70.241081
2.9666643,542.397339,60.001854,154.944153,-9.975017,70.264053
2.9999971,542.399902,60.001938,154.954819,-9.957886,70.288101
3.03333,542.402344,60.00198,154.961044,-9.984969,70.312141
3.0666628,542.392273,60.001999,154.982651,-9.926998,70.336189
3.0999956,542.38324,60.00201,155.004532,-9.86902,70.360245
3.1333284,542.381287,60.002014,155.009598,-9.895993,70.384285
3.1666613,542.394348,60.002018,155.033478,-9.882629,70.408325
3.1999941,542.404907,60.002018,155.042221,-9.909822,70.432373
3.2333269,542.414001,60.002022,155.044708,-9.889153,70.456421
3.2666597,542.419006,60.002018,155.031631,-9.909058,70.480453
3.2999926,542.424072,60.002022,155.032974,-9.888336,70.504494
3.3333254,542.429016,60.00201,155.019928,-9.908718,70.528358
3.3666582,542.439697,60.001965,155.018524,-9.935594,70.551201
3.399991,542.43811,60.001942,155.032166,-9.877346,70.574043
3.4333239,542.441589,60.001923,155.028778,-9.904555,70.59671
3.4666567,542.444946,60.001869,155.029312,-9.890309,70.618347
3.4999895,542.435913,60.001846,155.020279,-9.828036,70.639984
3.5333223,542.43988,60.001831,155.006744,-9.854492,70.661621
3.5666552,542.443726,60.001789,155.017517,-9.845902,70.682487
3.599988,542.447876,60.001789,154.993835,-9.870071,70.703667
3.6333208,542.459045,60.001812,154.996704,-9.855655,70.725426
3.6666536,542.443848,60.001865,154.975937,-9.786504,70.74826
3.6999865,542.440674,60.001926,154.926254,-9.841285,70.77182
3.7333193,542.445435,60.001938,154.917419,-9.819169,70.79509
3.7666521,542.443298,60.00193,154.916733,-9.801636,70.817924
3.7999849,542.424316,60.001923,154.91124,-9.78379,70.840767
3.8333178,542.416626,60.001888,154.963715,-9.741618,70.862846
3.8666506,542.408264,60.001854,154.991592,-9.737753,70.884499
3.8999834,542.39624,60.001839,155.018448,-9.733808,70.906151
3.9333162,542.385071,60.001827,155.049484,-9.685604,70.927795
3.9666491,542.378296,60.001823,155.057495,-9.674697,70.94944
3.9999819,542.37262,60.001785,155.075897,-9.669343,70.970329
4.0333147,542.364624,60.001755,155.073181,-9.658145,70.990768
4.0666475,542.355164,60.001736,155.084137,-9.606162,71.011208
4.0999804,542.362122,60.001728,155.047501,-9.673279,71.031639
4.1333132,542.361755,60.001724,155.050827,-9.617985,71.052063
4.166646,542.338318,60.001713,155.013168,-9.596487,71.072342
4.1999788,542.324768,60.001659,155.022675,-9.548111,71.091423
4.2333117,542.315247,60.001579,155.029358,-9.547358,71.109291
4.2666445,542.30072,60.001465,155.034332,-9.551324,71.125381
4.2999773,542.290771,60.001358,155.074722,-9.524797,71.140266
4.3333101,542.287598,60.001251,155.116898,-9.50162,71.153954
4.366643,542.284485,60.001152,155.134735,-9.519018,71.16642
4.3999758,542.284668,60.001049,155.153351,-9.539717,71.177696
4.4333086,542.295105,60.00095,155.178421,-9.519572,71.187775
4.4666414,542.299377,60.000874,155.15712,-9.531363,71.197227
4.4999743,542.282043,60.00079,155.143326,-9.505211,71.20549
4.5333071,542.297729,60.000702,155.131454,-9.571041,71.2127
4.5666399,542.299316,60.000626,155.112595,-9.546659,71.219154
4.5999727,542.29657,60.000534,155.102478,-9.528933,71.224403
4.6333055,542.306458,60.000465,155.047745,-9.587758,71.229042
4.6666384,542.311218,60.000393,155.029266,-9.571149,71.232651
4.6999712,542.315857,60.000355,154.996933,-9.595387,71.236244
4.733304,542.325195,60.000301,154.965836,-9.621689,71.239105
4.7666368,542.33606,60.000259,154.945267,-9.652749,71.241501
4.7999697,542.333069,60.000237,154.9142,-9.63582,71.243896
4.8333025,542.330811,60.000225,154.913956,-9.629282,71.246292
4.8666353,542.342651,60.000221,154.903885,-9.663815,71.248703
4.8999681,542.347961,60.000221,154.916031,-9.660872,71.251106
4.933301,542.349792,60.000217,154.9133,-9.698682,71.25351
4.9666338,542.340698,60.000217,154.931519,-9.698923,71.25592
4.9999666,542.328796,60.00021,154.962753,-9.658646,71.258202
5.0332994,542.330566,60.000164,154.990433,-9.710054,71.259415
5.0666323,542.332642,60.000141,155.011642,-9.713743,71.260628
5.0999651,542.318665,60.000164,155.032043,-9.670828,71.262596
5.1332979,542.323547,60.000198,154.999619,-9.697917,71.265137
5.1666307,542.328674,60.000259,154.981262,-9.681362,71.26873
5.1999636,542.333679,60.00032,154.925125,-9.740963,71.273079
5.2332964,542.336365,60.00037,154.882263,-9.758485,71.27787
5.2666292,542.337952,60.000427,154.839233,-9.773973,71.283417
5.299962,542.339844,60.000481,154.816788,-9.794782,71.289558
5.3332949,542.341614,60.000549,154.808304,-9.771888,71.296761
5.3666277,542.343506,60.000618,154.786179,-9.787839,71.30471
5.3999605,542.345276,60.000675,154.784546,-9.809014,71.313271
5.4332933,542.347046,60.000748,154.803543,-9.834247,71.322891
5.4666262,542.341614,60.00082,154.810364,-9.853847,71.333267
5.499959,542.329163,60.00087,154.853104,-9.793858,71.344093
5.5332918,542.329468,60.000931,154.878632,-9.861498,71.355667
5.5666246,542.333191,60.000973,154.922607,-9.842814,71.367699
5.5999575,542.317993,60.000996,154.961182,-9.823753,71.379738
5.6332903,542.304626,60.001007,155.010468,-9.808144,71.391769
5.6666231,542.295166,60.001015,155.05069,-9.789159,71.403809
5.6999559,542.290405,60.001015,155.092209,-9.770249,71.415833
5.7332888,542.2995,60.001019,155.103577,-9.785578,71.427864
5.7666216,542.304199,60.001019,155.099945,-9.841692,71.43988
5.7999544,542.307434,60.001019,155.102951,-9.809216,71.451904
5.8332872,542.310791,60.001019,155.092255,-9.817605,71.463921
5.8666201,542.314087,60.001019,155.071335,-9.822592,71.475937
5.8999529,542.317261,60.001019,155.026489,-9.865038,71.487946
5.9332857,542.320557,60.001019,155.009079,-9.825758,71.499954
5.9666185,542.323669,60.001019,154.964249,-9.868239,71.511971
5.9999514,542.326355,60.001019,154.943192,-9.873268,71.523979
6.0332842,542.329102,60.001019,154.908508,-9.919174,71.535988
6.066617,542.331726,60.001053,154.887634,-9.922235,71.548737
6.0999498,542.334351,60.001095,154.87706,-9.927032,71.562103
6.1332827,542.341309,60.001163,154.854294,-9.969569,71.576675
6.1666155,542.354614,60.00124,154.837006,-9.965097,71.592293
6.1999483,542.349915,60.001316,154.82489,-9.961689,71.608658
6.2332811,542.345032,60.001373,154.833298,-9.96346,71.625618
6.266614,542.346985,60.001446,154.840515,-10.006757,71.643654
6.2999468,542.351135,60.001518,154.875656,-9.966278,71.662415
6.3332796,542.352234,60.001575,154.882919,-10.005879,71.681808
6.3666124,542.344055,60.001648,154.901306,-10.001539,71.702255
6.3999453,542.333313,60.00172,154.922394,-9.95084,71.723442
6.4332781,542.327209,60.00177,154.975586,-9.909067,71.745087
6.4666109,542.322998,60.001831,154.97171,-9.937088,71.767456
6.4999437,542.318726,60.001881,154.971237,-9.919182,71.790428
6.5332766,542.314331,60.001953,154.970917,-9.898385,71.814468
6.5666094,542.29187,60.001991,154.965454,-9.8769,71.838646
6.5999422,542.294861,60.002056,154.943817,-9.890609,71.863884
6.633275,542.301086,60.00209,154.923126,-9.904394,71.88913
6.6666079,542.291443,60.002106,154.931839,-9.883609,71.914368
6.6999407,542.28009,60.002113,154.950302,-9.866112,71.939621
6.7332735,542.267517,60.002117,154.981796,-9.807594,71.964874
6.7666063,542.265564,60.002083,155.013092,-9.79561,71.989372
6.7999392,542.263672,60.002045,155.041229,-9.829575,72.013252
6.833272,542.261719,60.001984,155.08252,-9.825309,72.036102
6.8666048,542.259766,60.001915,155.12674,-9.778777,72.058189
6.8999376,542.257813,60.001858,155.157562,-9.774819,72.079674
6.9332705,542.249695,60.001789,155.179245,-9.72592,72.100121
6.9666033,542.232544,60.00172,155.184952,-9.719915,72.119812
6.9999361,542.174072,60.001625,155.197754,-9.587245,72.138138
7.0332689,542.046631,60.00148,155.216721,-9.377779,72.154076
7.0666018,541.919006,60.001308,155.255646,-9.181455,72.167633
7.0999346,540.582642,60.001057,155.261642,-6.593825,72.17762
7.1332674,539.670959,59.998138,156.672043,-5.635834,72.12796
7.1666002,539.67395,59.99128,159.597275,-6.09845,71.946648
7.1999331,539.444275,59.984009,162.794098,-5.735422,71.673355
7.2332659,539.269531,59.977154,165.815628,-5.39161,71.320045
7.2665987,539.081543,59.972321,167.577499,-4.937462,70.930832
7.2999315,538.858765,59.96986,167.53595,-4.512411,70.539619
7.3332644,538.636597,59.967361,166.434769,-4.23386,70.121849
7.3665972,538.403931,59.963402,165.033875,-4.061048,69.638878
7.39993,538.172546,59.958733,163.404556,-4.050562,69.091347
7.4332628,538.060303,59.954052,161.59613,-4.313078,68.486732
7.4665956,538.062073,59.949932,159.570221,-4.87767,67.838623
7.4999285,538.117737,59.946579,157.444916,-5.549702,67.158997
7.5332613,538.231323,59.94381,155.430542,-6.330738,66.45282
7.5665941,538.392944,59.941578,153.675232,-7.228952,65.725838
7.5999269,539.506042,59.940216,152.192993,-10.033711,64.991989
7.6332598,540.999329,59.940948,150.22406,-12.905437,64.286713
7.6665926,541.450073,59.946186,146.991425,-13.709527,63.698238
7.6999254,541.856201,59.952045,144.095474,-14.805262,63.187893
7.7332582,542.203918,59.957714,141.833862,-15.914912,62.745602
7.7665911,542.539612,59.962029,140.936493,-16.984413,62.340134
7.7999239,542.900208,59.96384,142.004379,-18.010578,61.927647
7.8332567,543.22821,59.965656,144.155396,-18.71236,61.534103
7.8665895,543.545349,59.969036,146.462906,-19.174129,61.19912
7.8999224,543.825073,59.973316,148.737396,-19.450199,60.926189
7.9332552,544.031677,59.977985,150.776382,-19.524834,60.714241
7.966588,544.185913,59.9827,152.434464,-19.488817,60.559525
7.9999208,544.286255,59.987259,153.630798,-19.350668,60.457939
8.0332537,544.3172,59.991455,154.376434,-19.132795,60.402805
8.0665865,544.32251,59.995136,154.725952,-18.90555,60.386353
8.0999193,544.289978,59.998161,154.789993,-18.661787,60.398647
8.1332521,544.141907,60.000687,154.630203,-18.259634,60.435596
8.166585,543.936523,60.0028,154.380005,-17.85412,60.493244
8.1999178,543.720093,60.004425,154.117386,-17.478373,60.564888
8.2332506,543.473267,60.005524,154.000809,-17.118864,60.644016
8.2665834,543.216797,60.006058,154.103058,-16.760942,60.722939
8.2999163,542.952454,60.006027,154.481247,-16.403992,60.795418
8.3332491,542.697144,60.00552,155.127747,-16.081097,60.856045
8.3665819,542.473267,60.004646,156.000092,-15.797443,60.902184
8.3999147,542.25592,60.003483,156.977341,-15.497618,60.930908
8.4332476,542.071594,60.002068,158.005951,-15.254551,60.939857
8.4665804,541.940125,60.000408,158.947098,-15.071869,60.925999
8.4999132,541.820862,59.998718,159.656006,-14.91895,60.89122
8.533246,541.761597,59.997185,160.058273,-14.858513,60.839817
8.5665789,541.748047,59.995895,160.006668,-14.872161,60.775627
8.5999117,541.758179,59.994919,159.466415,-14.953341,60.703186
8.6332445,541.790161,59.994251,158.542007,-15.12403,60.626072
8.6665773,541.870911,59.993896,157.28746,-15.422435,60.548397
8.6999102,541.977112,59.994003,155.776855,-15.774755,60.476833
8.733243,542.125305,59.99464,154.110199,-16.213818,60.418968
8.7665758,542.284302,59.995674,152.444748,-16.700748,60.378197
8.7999086,542.455566,59.997032,150.985092,-17.221169,60.357426
8.8332415,542.623169,59.998688,149.797745,-17.733595,60.359688
8.8665743,542.742188,60.00061,149.005829,-18.081833,60.388325
8.8999071,542.894043,60.002621,148.697037,-18.507254,60.442177
8.9332399,543.066345,60.004528,148.934311,-18.856422,60.517902
8.9665728,543.168396,60.006336,149.633194,-18.969721,60.614182
8.9999056,543.242432,60.008045,150.759811,-18.971582,60.729965
9.0332384,543.314758,60.00959,152.095734,-18.914789,60.862354
9.0665712,543.344788,60.010868,153.6427,-18.690865,61.007298
9.0999041,543.32019,60.011776,155.219788,-18.315311,61.158955
9.1332369,543.263916,60.01236,156.722321,-17.86104,61.313927
9.1665697,543.178772,60.012699,157.946426,-17.346382,61.470215
9.1999025,543.042542,60.012791,158.846176,-16.760803,61.624767
9.2332354,542.868164,60.012508,159.423233,-16.12339,61.77187
9.2665682,542.696838,60.011784,159.675247,-15.570686,61.905373
9.299901,542.513245,60.010555,159.724838,-15.020746,62.018448
9.3332338,542.271851,60.008987,159.569626,-14.413066,62.108696
9.3665667,542.037476,60.007202,159.282822,-13.928027,62.175003
9.3998995,541.817444,60.005169,158.887848,-13.488475,62.214172
9.4332323,541.604248,60.002991,158.489288,-13.078971,62.225437
9.4665651,541.415527,60.000576,158.148102,-12.787483,62.205212
9.499898,541.181824,59.997997,157.906479,-12.405574,62.152046
9.5332308,540.963074,59.995358,157.817581,-12.097569,62.066498
9.5665636,540.764709,59.992687,157.807602,-11.823642,61.948589
9.5998964,540.564636,59.989998,157.909973,-11.556514,61.79818
9.6332293,540.387878,59.987289,158.093613,-11.326414,61.614933
9.6665621,540.22937,59.984634,158.281128,-11.137088,61.400349
9.6998949,540.099121,59.982124,158.466476,-11.000096,61.157234
9.7332277,539.994507,59.979874,158.458572,-10.895105,60.889923
9.7665606,539.91095,59.977879,158.305389,-10.813129,60.601482
9.7998934,539.843262,59.976131,157.985367,-10.780429,60.295006
9.8332262,539.814209,59.974487,157.560898,-10.827768,59.970066
9.866559,539.779114,59.973015,157.014359,-10.867505,59.629295
9.8998919,539.784241,59.971867,156.361633,-11.007842,59.278271
9.9332247,539.816528,59.970963,155.697235,-11.199904,58.919144
9.9665575,539.87561,59.970257,155.002319,-11.426304,58.553997
9.9998903,539.937622,59.969692,154.387802,-11.655798,58.183617
10.0332232,540.023193,59.969227,153.932495,-11.933805,57.808788
10.066556,540.120605,59.968967,153.601746,-12.182693,57.433075
10.0998888,540.252808,59.968845,153.440018,-12.503168,57.057545
10.1332216,540.424072,59.968838,153.423218,-12.854221,56.683258
10.1665545,540.584961,59.968903,153.519028,-13.147108,56.310551
10.1998873,540.768494,59.969147,153.690643,-13.447015,55.942783
10.2332201,540.943237,59.969479,153.899994,-13.682546,55.579952
10.2665529,541.130676,59.969929,154.111038,-13.950517,55.223896
10.2998857,541.349548,59.97049,154.311035,-14.235915,54.87574
10.3332186,541.561035,59.971092,154.43576,-14.500168,54.535366
10.3665514,541.768982,59.971748,154.503983,-14.752553,54.203518
10.3998842,541.989624,59.972584,154.418076,-15.015167,53.883469
10.433217,542.175537,59.973557,154.232758,-15.223448,53.576752
10.4665499,542.35553,59.974609,153.965408,-15.43627,53.283661
10.4998827,542.559448,59.975708,153.632462,-15.713434,53.004345
10.5332155,542.732544,59.976784,153.338348,-15.931437,52.737648
10.5665483,542.86908,59.977959,153.039291,-16.105581,52.48595
10.5998812,543.001465,59.979294,152.783432,-16.285727,52.252254
10.633214,543.123657,59.980713,152.55162,-16.45919,52.036564
10.6665468,543.252319,59.982124,152.412155,-16.652657,51.837864
10.6998796,543.373718,59.983467,152.417358,-16.834177,51.654354
10.7332125,543.439148,59.984768,152.539703,-16.882294,51.486008
10.7665453,543.476379,59.986156,152.707596,-16.893515,51.335274
10.7998781,543.514648,59.987602,152.935928,-16.928629,51.202541
10.8332109,543.558411,59.989025,153.191544,-16.96365,51.086765
10.8665438,543.582275,59.990334,153.476715,-16.9573,50.985405
10.8998766,543.550781,59.991676,153.728516,-16.832457,50.900227
10.9332094,543.533203,59.993137,153.922241,-16.741518,50.834053
10.9665422,543.526794,59.994617,153.995712,-16.69282,50.785877
10.9998751,543.520447,59.996071,154.003021,-16.651154,50.75494
11.0332079,543.514038,59.997505,153.943909,-16.617256,50.740917
11.0665407,543.492798,59.998974,153.808319,-16.526983,50.744896
11.0998735,543.436829,60.000492,153.657684,-16.432501,50.767624
11.1332064,543.435486,60.002041,153.418716,-16.422873,50.809319
11.1665392,543.434082,60.003529,153.251724,-16.42186,50.868309
11.199872,543.389038,60.004978,153.118225,-16.324625,50.94413
11.2332048,543.403748,60.006397,153.052811,-16.333347,51.036736
11.2665377,543.404175,60.007771,153.079376,-16.28944,51.145317
11.2998705,543.386902,60.00909,153.179886,-16.180956,51.269054
11.3332033,543.362915,60.01041,153.364105,-16.066681,51.408569
11.3665361,543.352783,60.011738,153.533752,-15.972693,51.564301
11.399869,543.346191,60.012806,153.876328,-15.846841,51.729954
11.4332018,543.339844,60.013733,154.252426,-15.690009,51.905064
11.4665346,543.323669,60.014595,154.598434,-15.509007,52.089626
11.4998674,543.288147,60.0154,154.951202,-15.252728,52.283535
11.5332003,543.270935,60.016037,155.275146,-15.06131,52.48299
11.5665331,543.275574,60.016525,155.576782,-14.860694,52.686787
11.5998659,543.27832,60.016903,155.771271,-14.649086,52.893723
11.6331987,543.225769,60.017216,155.920944,-14.323078,53.103626
11.6665316,543.189941,60.01746,155.993927,-14.063695,53.315922
11.6998644,543.176392,60.01754,156.000046,-13.833803,53.527153
11.7331972,543.151428,60.017502,155.998276,-13.578108,53.736721
11.76653,543.097656,60.017323,155.978119,-13.271718,53.942558
11.7998629,543.076721,60.017071,155.958481,-13.025062,54.144337
11.8331957,543.042053,60.016758,155.916626,-12.777647,54.341755
11.8665285,542.997742,60.016365,155.908478,-12.492787,54.533619
11.8998613,542.949707,60.015903,155.940323,-12.202388,54.719181
11.9331942,542.899414,60.015289,156.017059,-11.943666,54.895679
11.966527,542.858398,60.014584,156.149155,-11.670157,55.062592
11.9998598,542.809937,60.01387,156.253952,-11.377307,55.220772
12.0331926,542.761719,60.013214,156.339203,-11.091322,55.37175
12.0665255,542.726685,60.012512,156.426163,-10.829277,55.513912
12.0998583,542.675354,60.011745,156.507141,-10.516219,55.646034
12.1331911,542.609741,60.01096,156.498199,-10.198179,55.768539
12.1665239,542.536133,60.010174,156.508881,-9.870278,55.88155
12.1998568,542.457336,60.00943,156.480225,-9.541278,55.986107
12.2331896,542.40918,60.008656,156.392212,-9.298218,56.081234
12.2665224,542.354797,60.007805,156.32428,-9.050092,56.165169
12.2998552,542.277893,60.006981,156.230133,-8.738889,56.239304
12.3331881,542.202209,60.006233,156.116776,-8.437693,56.305492
12.3665209,542.1474,60.005543,155.954102,-8.199921,56.363991
12.3998537,542.091797,60.004856,155.83757,-7.990327,56.414421
12.4331865,542.039856,60.004112,155.738358,-7.741375,56.455242
12.4665194,541.971375,60.003349,155.686493,-7.476011,56.486633
12.4998522,541.922607,60.002689,155.645294,-7.259639,56.511105
12.533185,541.864258,60.002071,155.594238,-7.031718,56.52882
12.5665178,541.81311,60.001465,155.586014,-6.79936,56.539371
12.5998507,541.789673,60.000862,155.567169,-6.652667,56.542728
12.6331835,541.782288,60.000305,155.564087,-6.505361,56.539772
12.6665163,541.759827,59.999832,155.526047,-6.29902,56.53215
12.6998491,541.742126,59.999435,155.465256,-6.138873,56.520756
12.733182,541.76178,59.999073,155.391113,-6.026064,56.505302
12.7665148,541.782349,59.998672,155.346558,-5.920901,56.484772
12.7998476,541.799927,59.998257,155.294693,-5.800095,56.458981
12.8331804,541.848145,59.997894,155.263397,-5.749824,56.429279
12.8665133,541.875549,59.997646,155.154343,-5.656032,56.397949
12.8998461,541.91626,59.997437,155.096832,-5.573571,56.364624
12.9331789,541.971313,59.997234,155.001526,-5.521501,56.328926
12.9665117,542.028381,59.997032,154.954453,-5.481801,56.290813
12.9998446,542.075256,59.99683,154.91037,-5.400572,56.25032
13.0331774,542.117676,59.996674,154.900864,-5.347175,56.20834
13.0665102,542.19873,59.996597,154.866562,-5.347838,56.166348
13.099843,542.280823,59.996555,154.802734,-5.354326,56.124359
13.1331758,542.337402,59.996536,154.767731,-5.306768,56.082367
13.1665087,542.398682,59.996529,154.752121,-5.271204,56.040386
13.1998415,542.486816,59.996567,154.726059,-5.299114,55.99929
13.2331743,542.558472,59.996719,154.654114,-5.264318,55.961311
13.2665071,542.638367,59.99691,154.584305,-5.299512,55.926186
13.29984,542.715393,59.997112,154.508179,-5.297791,55.893597
13.3331728,542.809143,59.997364,154.418686,-5.352155,55.864586
13.3665056,542.879456,59.997677,154.359253,-5.340883,55.839928
13.3998384,542.934204,59.998066,154.265915,-5.32024,55.820801
13.4331713,542.994873,59.998512,154.168457,-5.331218,55.807682
13.4665041,543.053528,59.998959,154.08873,-5.339692,55.799988
13.4998369,543.109863,59.999424,154.038864,-5.326612,55.798161
13.5331697,543.157532,59.999943,154.010727,-5.337793,55.80294
13.5665026,543.210632,60.00061,153.942902,-5.346488,55.817448
13.5998354,543.248779,60.001385,153.841858,-5.332355,55.842556
13.6331682,543.298889,60.002171,153.756592,-5.352661,55.877258
13.666501,543.33783,60.002998,153.687103,-5.357312,55.922306
13.6998339,543.350708,60.00383,153.635422,-5.299138,55.977398
13.7331667,543.371338,60.004681,153.616516,-5.285339,56.042858
13.7664995,543.403137,60.005566,153.619873,-5.254292,56.119312
13.7998323,543.417664,60.006542,153.595657,-5.224903,56.208477
13.8331652,543.441772,60.007545,153.58754,-5.222132,56.310123
13.866498,543.463501,60.008556,153.562347,-5.174867,56.423939
13.8998308,543.472107,60.009602,153.58905,-5.128455,56.550762
13.9331636,543.474731,60.010628,153.5858,-5.055823,56.689625
13.9664965,543.477295,60.011639,153.638351,-4.98655,56.840466
13.9998293,543.47998,60.012608,153.698944,-4.916715,57.002571
14.0331621,543.482544,60.01358,153.756042,-4.863537,57.176239
14.0664949,543.487,60.01453,153.84552,-4.773388,57.36113
14.0998278,543.496582,60.015484,153.915283,-4.68851,57.557457
14.1331606,543.506836,60.016373,154.000717,-4.635861,57.763805
14.1664934,543.492188,60.017212,154.097534,-4.490477,57.979671
14.1998262,543.468506,60.017982,154.211853,-4.333111,58.203941
14.2331591,543.45874,60.018646,154.316254,-4.222895,58.435112
14.2664919,543.453003,60.019264,154.453522,-4.086529,58.673012
14.2998247,543.444153,60.019794,154.599197,-3.963612,58.916508
14.3331575,543.42041,60.020237,154.753708,-3.809521,59.1642
14.3664904,543.382874,60.020607,154.879868,-3.603733,59.415497
14.3998232,543.361145,60.020908,155.027313,-3.448313,59.669632
14.433156,543.330261,60.021156,155.136581,-3.263407,59.926174
14.4664888,543.302002,60.021332,155.218674,-3.081853,60.184071
14.4998217,543.272522,60.021378,155.320587,-2.913032,60.440926
14.5331545,543.236694,60.021389,155.403458,-2.733142,60.697617
14.5664873,543.195496,60.021355,155.448532,-2.534354,60.953259
14.5998201,543.152344,60.021294,155.494293,-2.337586,61.207989
14.633153,543.119873,60.021164,155.504761,-2.174557,61.460312
14.6664858,543.091553,60.020988,155.488678,-2.027136,61.710083
14.6998186,543.053833,60.02076,155.520935,-1.842198,61.956394
14.7331514,543.027222,60.020546,155.470139,-1.690534,62.200314
14.7664843,543.004456,60.020336,155.44104,-1.555844,62.441818
14.7998171,542.974182,60.020123,155.392487,-1.394286,62.680752
14.8331499,542.94342,60.019875,155.354706,-1.247383,62.916229
14.8664827,542.913269,60.019611,155.318588,-1.085369,63.148483
14.8998156,542.851563,60.019279,155.322876,-0.888344,63.375946
14.9331484,542.811401,60.018913,155.372803,-0.723421,63.598618
14.9664812,542.787842,60.018532,155.428635,-0.595206,63.816483
14.999814,542.758911,60.018147,155.464539,-0.44559,64.029701
15.0331469,542.718994,60.017796,155.49794,-0.281741,64.239159
15.0664797,542.680481,60.017456,155.513184,-0.119302,64.444565
15.0998125,542.653015,60.017136,155.513412,0.01862,64.646347
15.1331453,542.635132,60.016827,155.488693,0.136424,64.844521
15.1664782,542.606934,60.016483,155.441864,0.275431,65.038322
15.199811,542.569214,60.016121,155.412018,0.416592,65.22747
15.2331438,542.543579,60.015781,155.36763,0.532335,65.412865
15.2664766,542.511292,60.015419,155.331192,0.65481,65.593597
15.2998095,542.501465,60.015079,155.293182,0.747321,65.770576
15.3331423,542.495544,60.014717,155.257248,0.827035,65.942909
15.3664751,542.484619,60.014381,155.229599,0.916252,66.111557
15.3998079,542.454468,60.014023,155.223389,1.051883,66.275543
15.4331408,542.435669,60.013683,155.213608,1.133584,66.435783
15.4664736,542.447021,60.013321,155.206116,1.158884,66.591377
15.4998064,542.456604,60.012993,155.214798,1.238084,66.743378
15.5331392,542.460632,60.012703,155.175964,1.282212,66.892372
15.5664721,542.464661,60.012417,155.16481,1.352264,67.03791
15.5998049,542.46875,60.012177,155.136032,1.40008,67.181046
15.6331377,542.474609,60.011917,155.118576,1.435043,67.321022
15.6664705,542.481323,60.011673,155.0905,1.490389,67.458145
15.6998034,542.497253,60.011452,155.059311,1.495157,67.592865
15.7331362,542.508484,60.011242,155.024033,1.541333,67.725197
15.766469,542.516846,60.011044,154.972366,1.541252,67.855247
15.7998018,542.531372,60.010887,154.939484,1.577244,67.98394
15.8331347,542.562439,60.010742,154.889816,1.524691,68.111008
15.8664675,542.578796,60.010593,154.868973,1.547054,68.236259
15.8998003,542.592712,60.01046,154.838104,1.569569,68.360138
15.9331331,542.61084,60.010338,154.839172,1.576076,68.482536
15.966466,542.63147,60.010277,154.805832,1.550266,68.604919
15.9997988,542.656189,60.010246,154.76442,1.528212,68.727303
16.0331383,542.684204,60.010239,154.729294,1.458364,68.849831
16.0664787,542.71814,60.010284,154.666611,1.403188,68.973564
16.0998192,542.751465,60.010357,154.604721,1.350937,69.098488
16.1331596,542.788086,60.010445,154.554749,1.297804,69.224617
16.1665001,542.837097,60.010574,154.504135,1.205521,69.352699
16.1998405,542.878174,60.010738,154.432159,1.126969,69.483192
16.233181,542.892822,60.010921,154.393967,1.131587,69.616081
16.2665215,542.914368,60.011112,154.363831,1.094569,69.751373
16.2998619,542.94696,60.011307,154.353317,1.012236,69.889076
16.3332024,542.997681,60.011551,154.334473,0.898221,70.030098
16.3665428,543.044556,60.011879,154.29567,0.804628,70.176056
16.3998833,543.065186,60.012283,154.234848,0.777863,70.327789
16.4332237,543.080322,60.012684,154.189713,0.712237,70.484367
16.4665642,543.10199,60.013088,154.158051,0.655719,70.645752
16.4999046,543.131836,60.013489,154.140427,0.608403,70.811951
16.5332451,543.149902,60.013889,154.127289,0.52592,70.982918
16.5665855,543.174133,60.014324,154.138168,0.45132,71.159439
16.599926,543.180847,60.014759,154.149551,0.435267,71.34124
16.6332664,543.182617,60.015217,154.167908,0.386825,71.52874
16.6666069,543.184387,60.015739,154.16774,0.364286,71.723297
16.6999474,543.186035,60.016262,154.166245,0.313925,71.924004
16.7332878,543.187744,60.016777,154.156738,0.283865,72.131027
16.7666283,543.189392,60.017239,154.180283,0.25691,72.34288
16.7999687,543.191162,60.017673,154.203491,0.199037,72.559685
16.8333092,543.179932,60.018169,154.217819,0.206552,72.783012
16.8666496,543.159424,60.018673,154.242081,0.227688,73.012527
16.8999901,543.14856,60.019176,154.25679,0.179825,73.248177
16.9333305,543.131836,60.019577,154.318085,0.218523,73.487442
16.966671,543.099304,60.019928,154.385818,0.219976,73.730316
17.0000114,543.083435,60.020252,154.47142,0.22886,73.976791
17.0333519,543.07251,60.020565,154.527328,0.168112,74.226868
17.0666924,543.060303,60.02087,154.609436,0.200816,74.48056
17.1000328,543.047913,60.021141,154.672455,0.203202,74.737106
17.1333733,543.029297,60.021381,154.726334,0.215905,74.996208
17.1667137,543.019104,60.021645,154.732376,0.163213,75.258743
17.2000542,543.012695,60.021877,154.764801,0.200713,75.523697
17.2333946,542.997864,60.022102,154.745209,0.169694,75.791191
17.2667351,542.989319,60.022312,154.731064,0.145413,76.061226
17.3000755,542.976746,60.022449,154.750336,0.204421,76.332031
17.333416,542.952637,60.022545,154.749191,0.181308,76.603424
17.3667564,542.932617,60.022633,154.778473,0.199497,76.875885
17.4000969,542.92804,60.022713,154.804962,0.222473,77.149101
17.4334373,542.92334,60.022774,154.815887,0.163106,77.422897
17.4667778,542.918701,60.02285,154.838806,0.193349,77.697762
17.5001183,542.909241,60.02285,154.870468,0.176183,77.97184
17.5334587,542.903931,60.022827,154.912262,0.156675,78.245346
17.5667992,542.90033,60.022774,154.972168,0.175988,78.517792
17.6001396,542.896667,60.022713,155.011124,0.154647,78.789474
17.6334801,542.891174,60.022655,155.045532,0.177516,79.06057
17.6668205,542.880554,60.022579,155.071106,0.199471,79.330444
17.700161,542.867065,60.022465,155.091339,0.174373,79.598511
17.7335014,542.867249,60.022354,155.103165,0.149127,79.865379
17.7668419,542.867981,60.022243,155.094284,0.168343,80.130875
17.8001823,542.845398,60.022121,155.083786,0.226488,80.394722
17.8335228,542.822449,60.022011,155.058289,0.240533,80.657379
17.8668633,542.808777,60.02187,155.031769,0.206538,80.918076
17.9002037,542.796265,60.021698,155.015717,0.208506,81.176376
17.9335442,542.783142,60.021515,155.00798,0.203081,81.432274
17.9668846,542.753357,60.021332,155.005768,0.277698,81.685928
18.0002251,542.708313,60.021179,154.979523,0.308258,81.938225
18.0335655,542.689392,60.021004,154.973633,0.287297,82.188118
18.066906,542.680298,60.020817,154.973724,0.259856,82.435608
18.1002464,542.672302,60.020622,154.971878,0.226642,82.680687
18.1335869,542.663391,60.020428,154.972946,0.187023,82.923393
18.1669273,542.646667,60.020226,154.985123,0.226537,83.163673
18.2002678,542.631287,60.020027,155.000534,0.216326,83.401588
18.2336082,542.623535,60.019829,155.012817,0.200605,83.637062
18.2669487,542.609436,60.019619,155.028717,0.177897,83.87001
18.3002892,542.616455,60.019375,155.054352,0.10252,84.099495
18.3336296,542.610718,60.019161,155.066528,0.109386,84.326782
18.3669701,542.605652,60.018997,155.047638,0.072562,84.552711
18.4003105,542.602783,60.018845,155.015976,0.032411,84.776909
18.433651,542.599854,60.018654,154.987,-0.015149,84.998451
18.4669914,542.596924,60.01844,154.971451,-0.071583,85.217125
18.5003319,542.593994,60.018242,154.953964,-0.090442,85.433594
18.5336723,542.595886,60.018097,154.915421,-0.154032,85.648865
18.5670128,542.599243,60.017998,154.858459,-0.217978,85.863533
18.6003532,542.6026,60.017899,154.798492,-0.328452,86.076988
18.6336937,542.605957,60.017807,154.749771,-0.356286,86.289413
18.6670341,542.606445,60.017727,154.699951,-0.429583,86.501076
18.7003746,542.599426,60.017666,154.663864,-0.462401,86.712151
18.7337151,542.6026,60.017582,154.649887,-0.585998,86.922012
18.7670555,542.609192,60.017502,154.655487,-0.670106,87.130852
18.800396,542.616577,60.017452,154.662659,-0.754544,87.339531
18.8337364,542.622986,60.017387,154.69101,-0.84256,87.547173
18.8670769,542.626404,60.017353,154.709427,-0.886752,87.754814
18.9004173,542.6297,60.0173,154.735367,-0.976234,87.961685
18.9337578,542.633179,60.017262,154.755875,-1.066447,88.168129
18.9670982,542.660095,60.017239,154.768387,-1.199242,88.374573
19.0004387,542.686584,60.017193,154.771973,-1.290682,88.580231
19.0337791,542.69281,60.017193,154.752243,-1.38081,88.786217
19.0671196,542.699219,60.017212,154.722412,-1.469282,88.99279
19.1004601,542.710327,60.017273,154.671997,-1.554418,89.200577
19.1338005,542.732788,60.017345,154.612259,-1.680144,89.409401
19.167141,542.75531,60.017418,154.550797,-1.847452,89.61898
19.2004814,542.770752,60.017506,154.493927,-1.925749,89.829758
19.2338219,542.781372,60.01757,154.459229,-2.045995,90.041138
19.2671623,542.788208,60.017689,154.420929,-2.118115,90.254494
19.3005028,542.801636,60.017849,154.386063,-2.270391,90.470245
19.3338432,542.821655,60.018028,154.351303,-2.373462,90.6884
19.3671837,542.814392,60.018219,154.332458,-2.470033,90.908936
19.4005241,542.827637,60.018406,154.33136,-2.560509,91.13176
19.4338646,542.841553,60.018566,154.349365,-2.689811,91.356064
19.467205,542.855957,60.018787,154.356934,-2.810052,91.58387
19.5005455,542.869141,60.019035,154.361649,-2.922045,91.814796
19.533886,542.873657,60.019272,154.376877,-3.02611,92.048538
19.5672264,542.875793,60.019527,154.389618,-3.121648,92.285484
19.6005669,542.877808,60.019775,154.40596,-3.209154,92.525398
19.6339073,542.879761,60.020042,154.410477,-3.331278,92.768738
19.6672478,542.881836,60.020309,154.403305,-3.402565,93.015205
19.7005882,542.892761,60.020557,154.394226,-3.46677,93.264549
19.7339287,542.898682,60.020782,154.402039,-3.61022,93.516289
19.7672691,542.902161,60.021004,154.411972,-3.660336,93.770584
19.8006096,542.90564,60.021255,154.41011,-3.788724,94.028343
19.83395,542.905029,60.021519,154.397659,-3.866449,94.289261
19.8672905,542.895325,60.021763,154.39743,-3.935718,94.553024
19.900631,542.891968,60.021988,154.408478,-3.998171,94.819191
19.9339714,542.888672,60.022198,154.430115,-4.096795,95.087776
19.9673119,542.885193,60.022404,154.448166,-4.189546,95.358765
20.0006523,542.881775,60.02261,154.473419,-4.275439,95.632164
20.0339928,542.872864,60.022812,154.497208,-4.311718,95.907959
20.0673332,542.864197,60.022976,154.535095,-4.385716,96.185394
20.1006737,542.860535,60.023098,154.589035,-4.498939,96.46386
20.1340141,542.856567,60.023197,154.64267,-4.566751,96.743111
20.1673546,542.852783,60.023293,154.698074,-4.631375,97.023483
20.200695,542.818604,60.023365,154.738251,-4.608152,97.304443
20.2340355,542.793518,60.023445,154.768921,-4.627192,97.58651
20.2673759,542.788818,60.023483,154.81044,-4.733063,97.868584
20.3007164,542.784119,60.023502,154.823181,-4.756279,98.15065
20.3340569,542.779602,60.023514,154.841949,-4.866378,98.432716
20.3673973,542.774963,60.023518,154.848297,-4.935369,98.714783
20.4007378,542.760315,60.023479,154.849411,-4.963971,98.996002
20.4340782,542.748108,60.023445,154.849884,-4.994775,99.276756
20.4674187,542.73114,60.023422,154.838913,-5.07214,99.557343
20.5007591,542.718262,60.023369,154.820786,-5.110693,99.836983
20.5340996,542.701721,60.023308,154.816238,-5.149677,100.115845
20.56744,542.690186,60.023266,154.80899,-5.235228,100.394295
20.6007805,542.6828,60.023232,154.788864,-5.281085,100.672562
20.6341209,542.671875,60.023178,154.785141,-5.371261,100.949806
20.6674614,542.66394,60.023148,154.762573,-5.422412,101.227051
20.7008018,542.657288,60.023098,154.754959,-5.473886,101.503502
20.7341423,542.639648,60.02306,154.737732,-5.528689,101.779556
20.7674828,542.623108,60.023041,154.714386,-5.585984,102.055603
20.8008232,542.611938,60.022995,154.717682,-5.641163,102.330856
20.8341637,542.606628,60.022957,154.710968,-5.701075,102.605698
20.8675041,542.601318,60.02293,154.718857,-5.759247,102.880356
20.9008446,542.595947,60.022873,154.735992,-5.818947,103.153999
20.934185,542.573425,60.022839,154.737091,-5.838209,103.427467
20.9675255,542.564209,60.02277,154.76622,-5.900256,103.699722
21.0008659,542.56012,60.022682,154.790314,-5.968018,103.970772
21.0342064,542.551208,60.022602,154.817032,-6.038332,104.240814
21.0675468,542.534668,60.022514,154.824341,-6.07202,104.509865
21.1008873,542.529602,60.022369,154.859238,-6.106841,104.77652
21.1342278,542.524597,60.022198,154.908737,-6.18957,105.040764
21.1675682,542.519531,60.022049,154.929977,-6.240396,105.303406
21.2009087,542.514526,60.021889,154.954712,-6.296499,105.564064
21.2342491,542.500977,60.021706,154.980438,-6.358856,105.822319
21.2675896,542.497009,60.021553,154.969421,-6.393091,106.078949
21.30093,542.49292,60.021389,154.963364,-6.477322,106.333588
21.3342705,542.489014,60.021206,154.938263,-6.529971,106.585823
21.3676109,542.482056,60.021049,154.905243,-6.590413,106.836433
21.4009514,542.474304,60.020885,154.86496,-6.659762,107.08506
21.4342918,542.462524,60.020706,154.847336,-6.729578,107.331284
21.4676323,542.456482,60.020523,154.821579,-6.764576,107.575294
21.5009727,542.452698,60.020374,154.805222,-6.892241,107.817947
21.5343132,542.448853,60.020199,154.77594,-6.941443,108.058159
21.5676537,542.429871,60.020012,154.789413,-7.027915,108.296021
21.6009941,542.412109,60.019829,154.789169,-7.035286,108.531624
21.6343346,542.411682,60.019676,154.803711,-7.135236,108.765846
21.667675,542.415649,60.019539,154.812531,-7.242887,108.998535
21.7010155,542.421326,60.01939,154.800629,-7.318514,109.229347
21.7343559,542.427124,60.019302,154.796021,-7.439818,109.459709
21.7676964,542.421753,60.019257,154.767059,-7.524177,109.690071
21.8010368,542.423401,60.019234,154.708344,-7.575788,109.920425
21.8343773,542.443542,60.019222,154.647018,-7.724061,110.150772
21.8677177,542.456116,60.019207,154.592377,-7.825461,110.380936
21.9010582,542.461426,60.019161,154.548965,-7.926267,110.6101
21.9343987,542.455688,60.019138,154.525818,-8.01971,110.839256
21.9677391,542.454651,60.019135,154.497177,-8.116871,111.068604
22.0010796,542.460815,60.019173,154.479614,-8.255832,111.298965
22.03442,542.453735,60.019196,154.470367,-8.298818,111.529335
22.0677605,542.446594,60.019245,154.470062,-8.383715,111.760551
22.1011009,542.450562,60.019283,154.476151,-8.467649,111.992241
22.1344414,542.457458,60.019314,154.512604,-8.587043,112.224113
22.1677818,542.454773,60.019367,154.533524,-8.663571,112.456993
22.2011223,542.449463,60.019432,154.547043,-8.742194,112.690605
22.2344627,542.438782,60.019508,154.553986,-8.797784,112.925369
22.2678032,542.415283,60.0196,154.550629,-8.854197,113.161339
22.3011436,542.412354,60.019695,154.543869,-8.960025,113.398575
22.3344841,542.41626,60.01976,154.542664,-9.064935,113.636276
22.3678246,542.424927,60.019802,154.556198,-9.165288,113.87413
22.401165,542.404602,60.019859,154.538727,-9.203651,114.112923
22.4345055,542.36676,60.01989,154.567413,-9.243797,114.351723
22.4678459,542.364807,60.019913,154.58815,-9.341042,114.590698
22.5011864,542.369751,60.019962,154.585892,-9.42515,114.830673
22.5345268,542.382507,60.019989,154.607513,-9.548588,115.070671
22.5678673,542.387573,60.020039,154.611893,-9.654885,115.311447
22.6012077,542.392456,60.020088,154.601364,-9.720749,115.552856
22.6345482,542.393005,60.020157,154.592773,-9.807973,115.795341
22.6678886,542.390503,60.020191,154.596481,-9.890595,116.037842
22.7012291,542.408203,60.020206,154.609192,-10.021914,116.280334
22.7345695,542.435852,60.020226,154.609344,-10.138616,116.523003
22.76791,542.443481,60.020283,154.598053,-10.232885,116.7668
22.8012505,542.446838,60.020348,154.598984,-10.319766,117.011589
22.8345909,542.450256,60.020382,154.584,-10.39259,117.256386
22.8679314,542.463867,60.020401,154.604828,-10.499186,117.501183
22.9012718,542.467712,60.020416,154.607071,-10.591046,117.746162
22.9346123,542.471497,60.020466,154.632141,-10.670238,117.992165
22.9679527,542.476379,60.020531,154.583817,-10.739873,118.23896
23.0012932,542.481628,60.020584,154.578705,-10.836173,118.486351
23.0346336,542.491028,60.02066,154.549438,-10.920979,118.734947
23.0679741,542.499207,60.020741,154.552994,-11.011948,118.98455
23.1013145,542.505737,60.020813,154.51178,-11.103182,119.234932
23.134655,542.509766,60.020878,154.503113,-11.201438,119.485939
23.1679955,542.513794,60.020958,154.5065,-11.267343,119.738136
23.2013359,542.512268,60.021038,154.493454,-11.341383,119.991348
23.2346764,542.509338,60.021114,154.531906,-11.410399,120.245361
23.2680168,542.506409,60.021175,154.544632,-11.470053,120.499977
23.3013573,542.503357,60.021259,154.542618,-11.537567,120.755791
23.3346977,542.500427,60.021328,154.574097,-11.610518,121.012421
23.3680382,542.485229,60.021324,154.594406,-11.667422,121.268028
23.4013786,542.473816,60.02132,154.637741,-11.713079,121.523659
23.4347191,542.46582,60.02132,154.685593,-11.758625,121.779282
23.4680595,542.455933,60.021309,154.736298,-11.804411,122.034721
23.5014,542.441528,60.021263,154.759277,-11.8459,122.289131
23.5347404,542.42688,60.02124,154.797211,-11.905491,122.543556
23.5680809,542.421631,60.021229,154.793472,-11.970386,122.797966
23.6014214,542.416382,60.021214,154.781586,-12.018039,123.05217
23.6347618,542.409058,60.021164,154.754333,-12.080518,123.305367
23.6681023,542.40155,60.021141,154.718704,-12.125443,123.558578
23.7014427,542.404541,60.021091,154.695389,-12.221109,123.810966
23.7347832,542.407776,60.021053,154.663834,-12.300441,124.062958
23.7681236,542.410706,60.021,154.653534,-12.370273,124.314156
23.8014641,542.394836,60.020958,154.646866,-12.41108,124.564964
23.8348045,542.369385,60.020901,154.628342,-12.436339,124.81498
23.868145,542.366455,60.020847,154.661682,-12.486979,125.064384
23.9014854,542.363647,60.020737,154.692841,-12.572969,125.311806
23.9348259,542.360718,60.02058,154.749603,-12.622738,125.556831
23.9681664,542.348633,60.020439,154.824142,-12.663762,125.800255
24.0015068,542.326782,60.020321,154.855988,-12.684968,126.042549
24.0348473,542.317566,60.020206,154.889481,-12.740014,126.283546
24.0681877,542.313782,60.020103,154.897324,-12.793827,126.523354
24.1015282,542.309875,60.019997,154.895142,-12.833794,126.761932
24.1348686,542.305725,60.019897,154.861206,-12.902946,126.999397
24.1682091,542.300232,60.019794,154.829865,-12.976059,127.235565
24.2015495,542.284546,60.019695,154.772339,-13.01837,127.470543
24.23489,542.269958,60.019592,154.734863,-13.051423,127.704308
24.2682304,542.290833,60.01947,154.702454,-13.150957,127.936363
24.3015709,542.292847,60.019344,154.654388,-13.237493,128.166977
24.3349113,542.289368,60.019218,154.658234,-13.288754,128.39595
24.3682518,542.285889,60.019119,154.647919,-13.356077,128.624008
24.4015923,542.282532,60.019035,154.640411,-13.425838,128.851273
24.4349327,542.278137,60.01894,154.652054,-13.4855,129.077332
24.4682732,542.271973,60.018841,154.665787,-13.54855,129.302155
24.5016136,542.271118,60.018734,154.683578,-13.615577,129.525574
24.5349541,542.282898,60.018616,154.721237,-13.70378,129.747421
24.5682945,542.296692,60.018478,154.76474,-13.766644,129.967407
24.601635,542.285339,60.018349,154.775635,-13.799582,130.18602
24.6349754,542.266785,60.018223,154.817001,-13.839041,130.403076
24.6683159,542.244629,60.018074,154.861694,-13.853303,130.618118
24.7016563,542.232727,60.017899,154.892517,-13.918622,130.83075
24.7349968,542.214539,60.0177,154.911453,-13.944085,131.040771
24.7683372,542.196289,60.01746,154.96225,-13.980741,131.247406
24.8016777,542.187744,60.017242,154.970947,-14.036338,131.45163
24.8350182,542.184692,60.017033,154.966873,-14.112979,131.653427
24.8683586,542.190674,60.016872,154.937088,-14.192192,131.853836
24.9016991,542.191284,60.016785,154.863281,-14.254622,132.054031
24.9350395,542.178406,60.016701,154.773254,-14.304185,132.25322
24.96838,542.169128,60.016621,154.684891,-14.387186,132.451614
25.0017204,542.171509,60.016556,154.571701,-14.471619,132.649399
25.0350609,542.173767,60.016487,154.491089,-14.560853,132.846176
25.0684013,542.176147,60.016415,154.473694,-14.655013,133.042175
25.1017418,542.178406,60.016327,154.443604,-14.737008,133.236969
25.1350822,542.180725,60.016273,154.461044,-14.836857,133.431381
25.1684227,542.183167,60.016247,154.48172,-14.906302,133.625809
25.2017632,542.189575,60.016243,154.520767,-14.990889,133.820435
25.2351036,542.197205,60.016281,154.516785,-15.08717,134.016068
25.2684441,542.209106,60.0163,154.547363,-15.153721,134.2117
25.3017845,542.202332,60.016308,154.575211,-15.189272,134.407318
25.335125,542.19397,60.016327,154.604477,-15.254672,134.603149
25.3684654,542.197876,60.016373,154.624496,-15.33285,134.799973
25.4018059,542.201721,60.016396,154.631622,-15.395864,134.996796
25.4351463,542.210327,60.016445,154.627411,-15.472233,135.194427
25.4684868,542.203125,60.016518,154.590881,-15.545363,135.39325
25.5018272,542.194214,60.016605,154.571335,-15.569743,135.593292
25.5351677,542.19043,60.016712,154.526077,-15.652137,135.794724
25.5685081,542.197266,60.016827,154.456299,-15.731615,135.997742
25.6018486,542.202942,60.016933,154.403931,-15.792902,136.201965
25.6351891,542.206116,60.017036,154.369934,-15.896826,136.407394
25.6685295,542.209045,60.017139,154.337234,-15.936983,136.614044
25.70187,542.212036,60.017242,154.354324,-16.018585,136.821899
25.7352104,542.215088,60.01733,154.342804,-16.068211,137.030731
25.7685509,542.218201,60.017376,154.395782,-16.146158,137.239594
25.8018913,542.233643,60.01741,154.454971,-16.223717,137.448654
25.8352318,542.236389,60.017467,154.527954,-16.282099,137.658722
25.8685722,542.239197,60.017494,154.601929,-16.309736,137.868805
25.9019127,542.242126,60.017509,154.67984,-16.367477,138.078857
25.9352531,542.244873,60.017517,154.729813,-16.426622,138.288925
25.9685936,542.25824,60.017517,154.783478,-16.455545,138.498978
26.0019341,542.264587,60.017521,154.808945,-16.516499,138.709015
26.0352745,542.268555,60.017521,154.817947,-16.532843,138.919067
26.068615,542.272034,60.017521,154.786713,-16.598278,139.129105
26.1019554,542.274353,60.017521,154.771744,-16.647766,139.339127
26.1352959,542.276367,60.017521,154.712372,-16.686028,139.549164
26.1686363,542.278625,60.017521,154.669342,-16.7085,139.759186
26.2019768,542.280823,60.017521,154.603439,-16.794876,139.969223
26.2353172,542.28479,60.017521,154.568375,-16.848909,140.179245
26.2686577,542.29248,60.017521,154.536819,-16.903526,140.389282
26.3019981,542.300171,60.017529,154.507828,-16.958065,140.599503
26.3353386,542.303772,60.017574,154.480453,-17.010221,140.810745
26.368679,542.306641,60.017597,154.485641,-17.059574,141.022003
26.4020195,542.309448,60.017609,154.493286,-17.109102,141.233246
26.43536,542.313538,60.017651,154.503998,-17.156631,141.445297
26.4687004,542.320374,60.017689,154.54837,-17.199827,141.657761
26.5020409,542.327332,60.017715,154.565018,-17.24604,141.870422
26.5353813,542.32019,60.017769,154.593643,-17.272224,142.084091
26.5687218,542.309814,60.017796,154.619843,-17.26808,142.297745
26.6020622,542.288391,60.017845,154.615021,-17.265379,142.512222
26.6354027,542.279663,60.017883,154.650406,-17.288363,142.727066
26.6687431,542.274963,60.017914,154.641968,-17.302122,142.942139
26.7020836,542.270386,60.017967,154.653381,-17.326412,143.158173
26.735424,542.266663,60.017994,154.62442,-17.372604,143.374237
26.7687645,542.263123,60.018009,154.628204,-17.414705,143.590286
26.8021049,542.259644,60.018013,154.612442,-17.414143,143.806335
26.8354454,542.254639,60.018017,154.615921,-17.426556,144.022385
26.8687859,542.246216,60.017982,154.650528,-17.436388,144.237625
26.9021263,542.233154,60.017952,154.655884,-17.452051,144.452469
26.9354668,542.226196,60.017925,154.677673,-17.451103,144.667099
26.9688072,542.220947,60.017872,154.707031,-17.482958,144.880737
27.0021477,542.215698,60.017834,154.7034,-17.490717,145.094177
27.0354881,542.210388,60.017776,154.71936,-17.513676,145.30661
27.0688286,542.195618,60.017712,154.729111,-17.508728,145.518234
27.102169,542.184937,60.017666,154.742004,-17.505003,145.729477
27.1355095,542.17572,60.017605,154.757095,-17.503683,145.93988
27.1688499,542.162537,60.017525,154.730896,-17.529421,146.149078
27.2021904,542.145813,60.017422,154.741318,-17.505434,146.356873
27.2355309,542.138,60.017281,154.761581,-17.517618,146.562454
27.2688713,542.130188,60.017151,154.783493,-17.533678,146.766632
27.3022118,542.115051,60.016994,154.828201,-17.51935,146.968628
27.3355522,542.10675,60.016857,154.846497,-17.515362,147.169189
27.3688927,542.096558,60.016724,154.835861,-17.522152,147.368179
27.4022331,542.089478,60.016571,154.87532,-17.539743,147.565125
27.4355736,542.090515,60.01643,154.870682,-17.557037,147.760498
27.468914,542.091492,60.016285,154.86734,-17.57939,147.954086
27.5022545,542.092468,60.016151,154.847198,-17.594454,148.146225
27.5355949,542.093445,60.016022,154.810089,-17.602816,148.336807
27.5689354,542.094421,60.015881,154.781296,-17.646069,148.525574
27.6022758,542.095337,60.015759,154.7285,-17.652218,148.713135
27.6356163,542.096375,60.015636,154.724945,-17.666513,148.899277
27.6689568,542.097351,60.015488,154.711395,-17.70536,149.083267
27.7022972,542.098328,60.015354,154.691772,-17.718836,149.265793
27.7356377,542.099304,60.015194,154.702606,-17.730886,149.446152
27.7689781,542.100525,60.015095,154.69635,-17.733744,149.625916
27.8023186,542.102417,60.015003,154.669846,-17.776751,149.804703
27.835659,542.104187,60.014923,154.666382,-17.785027,149.982666
27.8689995,542.105896,60.01487,154.634933,-17.802462,150.160233
27.9023399,542.107788,60.014805,154.642303,-17.843781,150.337006
27.9356804,542.109558,60.014748,154.643021,-17.85746,150.513168
27.9690208,542.111694,60.014687,154.626343,-17.863201,150.688446
28.0023613,542.11438,60.014656,154.619629,-17.898502,150.863724
28.0357018,542.117126,60.014641,154.576904,-17.913164,151.039017
28.0690422,542.119934,60.014629,154.564987,-17.919741,151.214294
28.1023827,542.125244,60.014629,154.563858,-17.955858,151.389587
28.1357231,542.131226,60.014637,154.545731,-17.981409,151.565063
28.1690636,542.128357,60.014675,154.507965,-17.994297,151.741455
28.202404,542.125427,60.014694,154.50087,-17.998734,151.917831
28.2357445,542.122498,60.014706,154.514328,-18.013426,152.094208
28.2690849,542.111511,60.014709,154.537064,-18.008869,152.270599
28.3024254,542.112732,60.014713,154.554749,-18.023819,152.446991
28.3357658,542.116821,60.014713,154.574829,-18.038912,152.623398
28.3691063,542.121033,60.014713,154.596481,-18.054073,152.799774
28.4024467,542.125244,60.014683,154.638855,-18.057032,152.975403
28.4357872,542.128662,60.014652,154.66301,-18.075115,153.150711
28.4691277,542.131775,60.014637,154.688614,-18.093231,153.326004
28.5024681,542.134888,60.014633,154.706161,-18.08246,153.501282
28.5358086,542.146179,60.014629,154.698715,-18.129971,153.676575
28.569149,542.157288,60.014626,154.682968,-18.124807,153.851868
28.6024895,542.167114,60.014584,154.687576,-18.155897,154.02623
28.6358299,542.180054,60.014549,154.675186,-18.178902,154.200195
28.6691704,542.182739,60.01453,154.661011,-18.177752,154.374176
28.7025108,542.172974,60.014511,154.644638,-18.177082,154.547913
28.7358513,542.169373,60.014462,154.631165,-18.179451,154.720688
28.7691917,542.165833,60.014439,154.60994,-18.201571,154.893448
28.8025322,542.162231,60.014412,154.599289,-18.205093,155.065979
28.8358727,542.15863,60.014362,154.608536,-18.196388,155.237534
28.8692131,542.131409,60.014339,154.630356,-18.147774,155.409119
28.9025536,542.125488,60.014294,154.642151,-18.165195,155.579941
28.935894,542.122253,60.014259,154.646286,-18.179274,155.750412
28.9692345,542.119202,60.014229,154.660629,-18.174509,155.920654
29.0025749,542.11615,60.014172,154.666122,-18.168324,156.089813
29.0359154,542.123108,60.014141,154.668289,-18.206345,156.258972
29.0692558,542.125732,60.01413,154.649811,-18.211708,156.428146
29.1025963,542.1073,60.014122,154.643829,-18.177092,156.597305
29.1359367,542.097473,60.01408,154.642563,-18.169249,156.765625
29.1692772,542.092468,60.014046,154.635406,-18.182486,156.933594
29.2026176,542.092651,60.013992,154.640793,-18.202591,157.100723
29.2359581,542.100647,60.013954,154.64975,-18.224007,157.267487
29.2692986,542.103455,60.013897,154.656723,-18.223429,157.433472
29.302639,542.106262,60.013847,154.664795,-18.224485,157.598892
29.3359795,542.109131,60.013783,154.683853,-18.23233,157.763351
29.3693199,542.109924,60.013741,154.683594,-18.232723,157.927567
29.4026604,542.105957,60.013676,154.682922,-18.235958,158.090729
29.4360008,542.102356,60.013607,154.70932,-18.205612,158.253036
29.4693413,542.09845,60.013512,154.730423,-18.22296,158.413971
29.5026817,542.095337,60.013405,154.752594,-18.244438,158.57341
29.5360222,542.092468,60.01326,154.791122,-18.231544,158.730698
29.5693626,542.0896,60.013126,154.845779,-18.182354,158.88652
29.6027031,542.086609,60.012985,154.865189,-18.170448,159.040527
29.6360435,542.08374,60.012852,154.869873,-18.202826,159.193054
29.669384,542.07251,60.012722,154.868042,-18.191261,159.34404
29.7027245,542.057312,60.012581,154.8806,-18.144203,159.493225
29.7360649,542.045288,60.012451,154.859222,-18.134079,159.640976
29.7694054,542.054016,60.012295,154.829163,-18.171186,159.786545
29.8027458,542.060913,60.012169,154.804108,-18.167549,159.930923
29.8360863,542.055542,60.012054,154.765976,-18.163368,160.074081
29.8694267,542.040588,60.011974,154.715729,-18.157053,160.21666
29.9027672,542.019775,60.011883,154.678864,-18.113636,160.358017
29.9361076,541.994385,60.011749,154.656815,-18.127216,160.497345
29.9694481,541.980957,60.011581,154.683212,-18.117922,160.634277
30.0027885,541.971741,60.011398,154.721024,-18.118742,160.768799
